,
 睡 ,起來
 睡午覺 ,起來
 收 ,起來
 扣 ,起來
 發炎 ,起來
 照 ,起來
 要 ,起來
 比較 ,起來
 關 ,起來
 收 ,起來
 關 ,起來
 抓 ,起來
 定 ,起來
 坦 ,起來
 有 ,起來
 好 ,起來
 冰 ,起來
 冰 ,起來
 輕鬆 ,起來
 拖 ,起來
 捏 ,起來
 加 ,起來
 想 ,起來
 鬧 ,起來
 叫 ,起來
 叫 ,起來
 叫 ,起來
 量 ,起來
 緊張 ,起來
 省 ,起來
 需要 ,起來
 加 ,起來
 揹 ,起來
 收 ,起來
 囤 ,起來
 腫 ,起來
 冷凍 ,起來
 錄 ,起來
 抽 ,起來
 抽 ,起來
 拍 ,起來
 哭 ,起來
 包 ,起來
 包 ,起來
 哭 ,起來
 想 ,起來
 喝 ,起來
 大哭 ,起來
 有 ,起來
 要 ,起來
 要 ,起來
 累積 ,起來
 好 ,起來
 舒服 ,起來
 關 ,起來
 使用 ,起來
 收 ,起來
 黑 ,起來
 需要 ,起來
 泡 ,起來
 收 ,起來
 收 ,起來
 舀 ,起來
 加 ,起來
 關 ,起來
 關 ,起來
 緊張 ,起來
 硬 ,起來
 抱直 ,起來
 睡覺 ,起來
 包 ,起來
 包 ,起來
 關 ,起來
 灰 ,起來
 嚴重 ,起來
 收 ,起來
 收 ,起來
 忙 ,起來
 想 ,起來
 好 ,起來
 凸 ,起來
 戴 ,起來
 戴 ,起來
 拍 ,起來
 抓 ,起來
 加 ,起來
 喝 ,起來
 睡 ,起來
 腫 ,起來
 收 ,起來
 翻 ,起來
 揹 ,起來
 揹 ,起來
 冷凍 ,起來
 準備 ,起來
 束 ,起來
 收 ,起來
 折疊 ,起來
 加 ,起來
 收 ,起來
 套 ,起來
 收 ,起來
 收 ,起來
 立 ,起來
 收 ,起來
 收 ,起來
 想 ,起來
 心酸 ,起來
 叫 ,起來
 想 ,起來
 加 ,起來
 要 ,起來
 有 ,起來
 加 ,起來
 焦慮 ,起來
 揹 ,起來
 存 ,起來
 多 ,起來
 收 ,起來
 建立 ,起來
 抓 ,起來
 折疊 ,起來
 折 ,起來
 藏 ,起來
 省 ,起來
 好 ,起來
 吸 ,起來
 收 ,起來
 藏 ,起來
 收 ,起來
 藏 ,起來
 收 ,起來
 抓 ,起來
 享受 ,起來
 喝 ,起來
 拍 ,起來
 烤 ,起來
 包 ,起來
 叫 ,起來
 回想 ,起來
 收 ,起來
 痛 ,起來
 收 ,起來
 收 ,起來
 比較 ,起來
 照 ,起來
 學 ,起來
 感覺 ,起來
 縮 ,起來
 硬 ,起來
 冷藏 ,起來
 收 ,起來
 感覺 ,起來
 叫 ,起來
 搖 ,起來
 吵 ,起來
 堅強 ,起來
 學 ,起來
 想要 ,起來
 搭配 ,起來
 喝 ,起來
 凸 ,起來
 凸 ,起來
 叫 ,起來
 感覺 ,起來
 哭 ,起來
 加 ,起來
 動 ,起來
 處理 ,起來
 包 ,起來
 準備 ,起來
 回想 ,起來
 調整 ,起來
 搭配 ,起來
 收 ,起來
 收 ,起來
 痛 ,起來
 想 ,起來
 燒 ,起來
 看 ,起來
 好 ,起來
 要 ,起來
 擠 ,起來
 收 ,起來
 收 ,起來
 冷凍 ,起來
 辦 ,起來
 吸 ,起來
 叫 ,起來
 好 ,起來
 崩潰 ,起來
 叫 ,起來
 撈 ,起來
 抓 ,起來
 撈 ,起來
 埋 ,起來
 收集 ,起來
 收 ,起來
 喝 ,起來
 照顧 ,起來
 包 ,起來
 相處 ,起來
 拍 ,起來
 拍 ,起來
 收 ,起來
 收 ,起來
 收 ,起來
 擦 ,起來
 釦 ,起來
 小睡 ,起來
 加 ,起來
 動 ,起來
 聯合 ,起來
 關 ,起來
 擦 ,起來
 遮 ,起來
 翻 ,起來
 加 ,起來
 摩擦 ,起來
 好轉 ,起來
 拍 ,起來
 累積 ,起來
 抓 ,起來
 乾嚎 ,起來
 關 ,起來
 住 ,起來
 抽 ,起來
 凝 ,起來
 逛 ,起來
 衝 ,起來
 睡 ,起來
 拍 ,起來
 收 ,起來
 練 ,起來
 吵 ,起來
 住 ,起來
 躺 ,起來
 學 ,起來
 連結 ,起來
 收 ,起來
 串聯 ,起來
 硬 ,起來
 硬 ,起來
 存 ,起來
 存 ,起來
 存 ,起來
 存 ,起來
 存 ,起來
 存 ,起來
 存 ,起來
 存 ,起來
 存 ,起來
 存 ,起來
 存 ,起來
 存 ,起來
 緊張 ,起來
 要 ,起來
 補 ,起來
 動 ,起來
 吐 ,起來
 抓 ,起來
 擦 ,起來
 包 ,起來
 睡 ,起來
 加 ,起來
 叫 ,起來
 叫 ,起來
 戴 ,起來
 叫 ,起來
 手舞足蹈 ,起來
 收 ,起來
 收 ,起來
 建立 ,起來
 練 ,起來
 收 ,起來
 收 ,起來
 收 ,起來
 抓 ,起來
 收 ,起來
 收 ,起來
 加 ,起來
 問 ,起來
 磨 ,起來
 擦 ,起來
 想 ,起來
 折 ,起來
 組合 ,起來
 釘 ,起來
 拍 ,起來
 睡 ,起來
 想 ,起來
 叫 ,起來
 收 ,起來
 相處 ,起來
 相處 ,起來
 餵奶 ,起來
 存 ,起來
 多 ,起來
 收 ,起來
 收 ,起來
 收 ,起來
 收 ,起來
 收 ,起來
 催 ,起來
 比較 ,起來
 熱 ,起來
 合 ,起來
 動 ,起來
 動 ,起來
 認真 ,起來
 晚 ,起來
 收 ,起來
 收 ,起來
 收 ,起來
 好 ,起來
 包 ,起來
 陣痛 ,起來
 陣痛 ,起來
 換 ,起來
 收 ,起來
 收 ,起來
 收 ,起來
 收 ,起來
 收 ,起來
 收 ,起來
 折 ,起來
 逛 ,起來
 叫 ,起來
 這樣 ,起來
 想 ,起來
 藏 ,起來
 有 ,起來
 抄 ,起來
 收 ,起來
 學 ,起來
 收 ,起來
 學 ,起來
 收集 ,起來
 硬 ,起來
 回想 ,起來
 漲 ,起來
 加 ,起來
 加 ,起來
 照 ,起來
 雅 ,起來
 拍 ,起來
 拍 ,起來
 加 ,起來
 保護 ,起來
 合 ,起來
 藏 ,起來
 動 ,起來
 感覺 ,起來
 睡 ,起來
 大 ,起來
 回想 ,起來
 合 ,起來
 遮 ,起來
 住 ,起來
 使用 ,起來
 好 ,起來
 好 ,起來
 好 ,起來
 好 ,起來
 好 ,起來
 好 ,起來
 好 ,起來
 好 ,起來
 好 ,起來
 好 ,起來
 好 ,起來
 好 ,起來
 好 ,起來
 好 ,起來
 好 ,起來
 好 ,起來
 好 ,起來
 好 ,起來
 好 ,起來
 好 ,起來
 好 ,起來
 好 ,起來
 好 ,起來
 好 ,起來
 好 ,起來
 好 ,起來
 好 ,起來
 好 ,起來
 好 ,起來
 好 ,起來
 好 ,起來
 好 ,起來
 好 ,起來
 好 ,起來
 好 ,起來
 好 ,起來
 好 ,起來
 好 ,起來
 好 ,起來
 好 ,起來
 好 ,起來
 好 ,起來
 好 ,起來
 好 ,起來
 好 ,起來
 好 ,起來
 好 ,起來
 好 ,起來
 好 ,起來
 好 ,起來
 好 ,起來
 好 ,起來
 好 ,起來
 好 ,起來
 好 ,起來
 好 ,起來
 好 ,起來
 好 ,起來
 好 ,起來
 好 ,起來
 好 ,起來
 好 ,起來
 好 ,起來
 好 ,起來
 好 ,起來
 好 ,起來
 好 ,起來
 要好 ,起來
 好 ,起來
 好 ,起來
 好 ,起來
 好 ,起來
 好 ,起來
 好 ,起來
 要好 ,起來
 好 ,起來
 好 ,起來
 好 ,起來
 好 ,起來
 好 ,起來
 好 ,起來
 好 ,起來
 好 ,起來
 好 ,起來
 好 ,起來
 要好 ,起來
 好 ,起來
 好 ,起來
 好 ,起來
 好 ,起來
 好 ,起來
 好 ,起來
 好 ,起來
 好 ,起來
 要好 ,起來
 好 ,起來
 好 ,起來
 好 ,起來
 好 ,起來
 好 ,起來
 好 ,起來
 好 ,起來
 好 ,起來
 好 ,起來
 好 ,起來
 好 ,起來
 好 ,起來
 好 ,起來
 好 ,起來
 好 ,起來
 好 ,起來
 好 ,起來
 好 ,起來
 好 ,起來
 好 ,起來
 好 ,起來
 好 ,起來
 好 ,起來
 好 ,起來
 好 ,起來
 好 ,起來
 好 ,起來
 好 ,起來
 好 ,起來
 要好 ,起來
 好 ,起來
 好 ,起來
 好 ,起來
 好 ,起來
 好 ,起來
 好 ,起來
 好 ,起來
 好 ,起來
 好 ,起來
 好 ,起來
 好 ,起來
 好 ,起來
 好 ,起來
 好 ,起來
 好 ,起來
 好 ,起來
 好 ,起來
 好 ,起來
 好 ,起來
 好 ,起來
 好 ,起來
 好 ,起來
 好 ,起來
 好 ,起來
 好 ,起來
 好 ,起來
 好 ,起來
 好 ,起來
 好 ,起來
 好 ,起來
 好 ,起來
 要好 ,起來
 好 ,起來
 好 ,起來
 好 ,起來
 好 ,起來
 好 ,起來
 好 ,起來
 好 ,起來
 好 ,起來
 好 ,起來
 好 ,起來
 好 ,起來
 好 ,起來
 好 ,起來
 好 ,起來
 好 ,起來
 好 ,起來
 好 ,起來
 好 ,起來
 結合 ,起來
 睡 ,起來
 小睡 ,起來
 小睡 ,起來
 洗 ,起來
 翻 ,起來
 圈 ,起來
 回首 ,起來
 想 ,起來
 多 ,起來
 包 ,起來
 熱 ,起來
 開始 ,起來
 養 ,起來
 加 ,起來
 怕 ,起來
 拍 ,起來
 剛夜奶完 ,起來
 住 ,起來
 過夜 ,起來
 收 ,起來
 收 ,起來
 收 ,起來
 收 ,起來
 睡 ,起來
 折 ,起來
 折 ,起來
 逛 ,起來
 訂 ,起來
 保留 ,起來
 要 ,起來
 加 ,起來
 好 ,起來
 收 ,起來
 擠 ,起來
 站 ,起來
 沒 ,起來
 坐 ,起來
 關 ,起來
 喝 ,起來
 搭配 ,起來
 喝 ,起來
 喝 ,起來
 振作 ,起來
 套 ,起來
 包 ,起來
 立 ,起來
 戴 ,起來
 存 ,起來
 想 ,起來
 了 ,起來
 看 ,起來
 圍 ,起來
 大 ,起來
 框 ,起來
 抓 ,起來
 收 ,起來
 收 ,起來
 學 ,起來
 折 ,起來
 擔心 ,起來
 追 ,起來
 相較 ,起來
 看 ,起來
 摺疊 ,起來
 摺 ,起來
 好 ,起來
 卡 ,起來
 存 ,起來
 想 ,起來
 住 ,起來
 加 ,起來
 連結 ,起來
 補 ,起來
 立 ,起來
 收 ,起來
 堅持 ,起來
 需要 ,起來
 保留 ,起來
 收 ,起來
 凍 ,起來
 凍 ,起來
 喘 ,起來
 舒服 ,起來
 好 ,起來
 好 ,起來
 好 ,起來
 好 ,起來
 好 ,起來
 好 ,起來
 補 ,起來
 好 ,起來
 擦 ,起來
 包 ,起來
 躺 ,起來
 收 ,起來
 坐 ,起來
 收 ,起來
 收 ,起來
 收 ,起來
 縮 ,起來
 藏 ,起來
 組合 ,起來
 叫 ,起來
 睡 ,起來
 立 ,起來
 收 ,起來
 收 ,起來
 收 ,起來
 晚 ,起來
 最多 ,起來
 固定 ,起來
 想 ,起來
 圈 ,起來
 圈 ,起來
 要 ,起來
 合 ,起來
 好 ,起來
 好 ,起來
 好 ,起來
 串聯 ,起來
 喝 ,起來
 拍 ,起來
 回想 ,起來
 收 ,起來
 混合 ,起來
 收 ,起來
 住 ,起來
 漲 ,起來
 養 ,起來
 存 ,起來
 養 ,起來
 養 ,起來
 養 ,起來
 戴 ,起來
 冰 ,起來
 收 ,起來
 擺 ,起來
 胖 ,起來
 冷凍 ,起來
 播放 ,起來
 封存 ,起來
 立 ,起來
 吸 ,起來
 躺 ,起來
 想 ,起來
 收 ,起來
 收 ,起來
 收 ,起來
 收 ,起來
 燒 ,起來
 痛 ,起來
 筆記 ,起來
 筆記 ,起來
 比較 ,起來
 加 ,起來
 解釋 ,起來
 矇 ,起來
 使用 ,起來
 發展 ,起來
 痛 ,起來
 用餐 ,起來
 住 ,起來
 哭 ,起來
 拍 ,起來
 硬 ,起來
 硬 ,起來
 硬 ,起來
 硬 ,起來
 學 ,起來
 拍 ,起來
 硬 ,起來
 硬 ,起來
 搖 ,起來
 搖 ,起來
 叫 ,起來
 叫 ,起來
 叫 ,起來
 好 ,起來
 收 ,起來
 吵 ,起來
 相處 ,起來
 幫忙 ,起來
 回想 ,起來
 沈重 ,起來
 收 ,起來
 收 ,起來
 收 ,起來
 加 ,起來
 想 ,起來
 發 ,起來
 加 ,起來
 憂鬱 ,起來
 收 ,起來
 吵 ,起來
 吵 ,起來
 叫 ,起來
 包 ,起來
 加 ,起來
 回憶 ,起來
 拍 ,起來
 逛 ,起來
 晚 ,起來
 晚 ,起來
 好 ,起來
 好 ,起來
 好 ,起來
 側身 ,起來
 固定 ,起來
 包 ,起來
 收 ,起來
 收 ,起來
 收 ,起來
 收 ,起來
 收 ,起來
 拆 ,起來
 收 ,起來
 架 ,起來
 喝 ,起來
 處理 ,起來
 包 ,起來
 加 ,起來
 推廣 ,起來
 要 ,起來
 組合 ,起來
 提早 ,起來
 多 ,起來
 灰 ,起來
 ㄧ癢 ,起來
 癢 ,起來
 抓 ,起來
 抓 ,起來
 想 ,起來
 圈 ,起來
 收 ,起來
 哭叫 ,起來
 得 ,起來
 換算 ,起來
 翻 ,起來
 使用 ,起來
 凸 ,起來
 收 ,起來
 包覆 ,起來
 收 ,起來
 收 ,起來
 整理 ,起來
 抓 ,起來
 翻 ,起來
 小睡 ,起來
 開始 ,起來
 好 ,起來
 相處 ,起來
 加 ,起來
 量 ,起來
 回想 ,起來
 痛 ,起來
 關 ,起來
 著 ,起來
 燒 ,起來
 燒 ,起來
 燒 ,起來
 燒 ,起來
 燒 ,起來
 關 ,起來
 包 ,起來
 包 ,起來
 裹 ,起來
 包 ,起來
 洗 ,起來
 好 ,起來
 好 ,起來
 收 ,起來
 收 ,起來
 好 ,起來
 收 ,起來
 合 ,起來
 拍照 ,起來
 回想 ,起來
 到 ,起來
 照 ,起來
 喝 ,起來
 戴 ,起來
 折 ,起來
 包 ,起來
 關 ,起來
 好 ,起來
 長 ,起來
 黏 ,起來
 捆 ,起來
 收 ,起來
 收 ,起來
 收 ,起來
 收折 ,起來
 叫 ,起來
 收 ,起來
 睡覺 ,起來
 收 ,起來
 收 ,起來
 加 ,起來
 燒 ,起來
 燒 ,起來
 擔心 ,起來
 燒 ,起來
 燒 ,起來
 燒 ,起來
 嚴重 ,起來
 好 ,起來
 好 ,起來
 硬 ,起來
 關 ,起來
 收 ,起來
 揹 ,起來
 揹 ,起來
 振作 ,起來
 想 ,起來
 好 ,起來
 好 ,起來
 好 ,起來
 浮腫 ,起來
 收 ,起來
 拱 ,起來
 包 ,起來
 包 ,起來
 好 ,起來
 住 ,起來
 想 ,起來
 抓 ,起來
 換 ,起來
 哭 ,起來
 塞 ,起來
 吵 ,起來
 好 ,起來
 使用 ,起來
 擦 ,起來
 收 ,起來
 想 ,起來
 收 ,起來
 收 ,起來
 收 ,起來
 加 ,起來
 收 ,起來
 門抓 ,起來
 存 ,起來
 喝 ,起來
 好 ,起來
 收藏 ,起來
 哭鬧 ,起來
 關 ,起來
 收 ,起來
 收 ,起來
 揹 ,起來
 有 ,起來
 造 ,起來
 回想 ,起來
 錄 ,起來
 大哭 ,起來
 請 ,起來
 哭鬧 ,起來
 收 ,起來
 加 ,起來
 強硬 ,起來
 洗 ,起來
 驚 ,起來
 旋轉 ,起來
 收 ,起來
 亢奮 ,起來
 藏 ,起來
 看 ,起來
 加 ,起來
 加 ,起來
 收 ,起來
 膨 ,起來
 回想 ,起來
 泡 ,起來
 睡 ,起來
 照 ,起來
 住 ,起來
 住 ,起來
 藏 ,起來
 破壞 ,起來
 洗 ,起來
 包 ,起來
 備 ,起來
 想 ,起來
 包 ,起來
 加 ,起來
 提早 ,起來
 要 ,起來
 算 ,起來
 撈 ,起來
 睡 ,起來
 皺 ,起來
 揹 ,起來
 感覺 ,起來
 戴 ,起來
 洗 ,起來
 洗 ,起來
 收 ,起來
 學 ,起來
 使用 ,起來
 揹 ,起來
 想 ,起來
 輕鬆 ,起來
 查 ,起來
 長 ,起來
 回想 ,起來
 練 ,起來
 學 ,起來
 得 ,起來
 包 ,起來
 建立 ,起來
 加 ,起來
 凍 ,起來
 圍 ,起來
 補 ,起來
 加 ,起來
 包 ,起來
 擦 ,起來
 收 ,起來
 隔離 ,起來
 硬 ,起來
 包 ,起來
 睡 ,起來
 哭 ,起來
 工作 ,起來
 吵 ,起來
 想 ,起來
 完 ,起來
 想 ,起來
 睡 ,起來
 痛 ,起來
 燒 ,起來
 回想 ,起來
 多 ,起來
 沒 ,起來
 灰 ,起來
 包 ,起來
 準備 ,起來
 考 ,起來
 關 ,起來
 收 ,起來
 收 ,起來
 沒 ,起來
 有 ,起來
 有 ,起來
 叫 ,起來
 晚 ,起來
 學 ,起來
 動作 ,起來
 加 ,起來
 收 ,起來
 爬 ,起來
 儲存 ,起來
 筆記 ,起來
 黏 ,起來
 圍 ,起來
 併 ,起來
 晚 ,起來
 壓 ,起來
 加 ,起來
 好 ,起來
 好 ,起來
 好 ,起來
 好 ,起來
 好 ,起來
 好 ,起來
 好 ,起來
 好 ,起來
 好 ,起來
 好 ,起來
 好 ,起來
 好 ,起來
 好 ,起來
 好 ,起來
 凍 ,起來
 好 ,起來
 好 ,起來
 好 ,起來
 好 ,起來
 好 ,起來
 好 ,起來
 好 ,起來
 彎 ,起來
 彎 ,起來
 收 ,起來
 收 ,起來
 藏 ,起來
 沒收 ,起來
 搓 ,起來
 ㄧ定 ,起來
 圍 ,起來
 學 ,起來
 抓 ,起來
 收 ,起來
 紀錄 ,起來
 加 ,起來
 關 ,起來
 貼 ,起來
 貼 ,起來
 叫 ,起來
 喝 ,起來
 撈 ,起來
 揪 ,起來
 收 ,起來
 圍 ,起來
 搜集 ,起來
 覺 ,起來
 睡 ,起來
 睡 ,起來
 收 ,起來
 收 ,起來
 收 ,起來
 組裝 ,起來
 圈 ,起來
 拍照 ,起來
 生氣 ,起來
 忙 ,起來
 包 ,起來
 包 ,起來
 包 ,起來
 包 ,起來
 包 ,起來
 裹 ,起來
 收 ,起來
 收 ,起來
 硬 ,起來
 定時 ,起來
 定時 ,起來
 包 ,起來
 包 ,起來
 縮 ,起來
 綑 ,起來
 想 ,起來
 要 ,起來
 建立 ,起來
 睡 ,起來
 隔 ,起來
 懶得 ,起來
 查 ,起來
 收 ,起來
 紅腫 ,起來
 發作 ,起來
 午睡 ,起來
 聯合 ,起來
 叫 ,起來
 找 ,起來
 要 ,起來
 緊張 ,起來
 胖 ,起來
 覺 ,起來
 拍 ,起來
 加 ,起來
 硬 ,起來
 硬 ,起來
 收 ,起來
 痛 ,起來
 想 ,起來
 顧 ,起來
 收 ,起來
 使用 ,起來
 加 ,起來
 冷凍 ,起來
 抓 ,起來
 製作 ,起來
 揹 ,起來
 加 ,起來
 睡 ,起來
 請 ,起來
 加 ,起來
 團結 ,起來
 建立 ,起來
 綜合 ,起來
 藏 ,起來
 藏 ,起來
 收 ,起來
 鎖 ,起來
 硬 ,起來
 午睡 ,起來
 吸 ,起來
 省 ,起來
 興奮 ,起來
 包 ,起來
 吸 ,起來
 比較 ,起來
 包 ,起來
 收 ,起來
 折 ,起來
 收 ,起來
 併 ,起來
 折 ,起來
 存 ,起來
 捆 ,起來
 氣膠黏 ,起來
 收 ,起來
 抓 ,起來
 收 ,起來
 折 ,起來
 塞 ,起來
 聊天 ,起來
 供 ,起來
 團結 ,起來
 想 ,起來
 弄 ,起來
 包 ,起來
 包 ,起來
 包 ,起來
 收集 ,起來
 怕 ,起來
 提前 ,起來
 硬 ,起來
 收集 ,起來
 關 ,起來
 加 ,起來
 冰 ,起來
 加 ,起來
 凍 ,起來
 燒 ,起來
 兇 ,起來
 彈 ,起來
 想 ,起來
 抓 ,起來
 收 ,起來
 圍 ,起來
 藏 ,起來
 吵 ,起來
 叫 ,起來
 立 ,起來
 包 ,起來
 綜合 ,起來
 照 ,起來
 照 ,起來
 熱 ,起來
 要 ,起來
 沾 ,起來
 補 ,起來
 包 ,起來
 準備 ,起來
 衝 ,起來
 叫 ,起來
 翻 ,起來
 翻 ,起來
 關 ,起來
 收 ,起來
 藏 ,起來
 收 ,起來
 收 ,起來
 加 ,起來
 收 ,起來
 支撐 ,起來
 喝 ,起來
 喝 ,起來
 收 ,起來
 藏 ,起來
 硬 ,起來
 收 ,起來
 藏 ,起來
 藏 ,起來
 硬 ,起來
 痛 ,起來
 吵 ,起來
 叫 ,起來
 使用 ,起來
 堅強 ,起來
 硬 ,起來
 想 ,起來
 睡覺 ,起來
 收 ,起來
 收 ,起來
 收 ,起來
 痛 ,起來
 量 ,起來
 包 ,起來
 感覺 ,起來
 好 ,起來
 大哭 ,起來
 收 ,起來
 收 ,起來
 收 ,起來
 收 ,起來
 打包 ,起來
 吸 ,起來
 收 ,起來
 加 ,起來
 哭 ,起來
 加 ,起來
 叫 ,起來
 一樣 ,起來
 沒 ,起來
 冰 ,起來
 包 ,起來
 逛 ,起來
 封 ,起來
 縮 ,起來
 收折 ,起來
 收 ,起來
 比較 ,起來
 養 ,起來
 就養 ,起來
 養 ,起來
 想 ,起來
 流行 ,起來
 好 ,起來
 拍 ,起來
 回想 ,起來
 戴 ,起來
 戴 ,起來
 關 ,起來
 關 ,起來
 相較 ,起來
 哭 ,起來
 結合 ,起來
 收 ,起來
 收 ,起來
 收 ,起來
 抓 ,起來
 旅遊 ,起來
 聯合 ,起來
 好 ,起來
 想 ,起來
 冰 ,起來
 大 ,起來
 罩 ,起來
 回想 ,起來
 捲 ,起來
 發作 ,起來
 照顧 ,起來
 包 ,起來
 收 ,起來
 燒 ,起來
 搭 ,起來
 收 ,起來
 住 ,起來
 頻繁 ,起來
 痛 ,起來
 睡 ,起來
 鎖 ,起來
 補眠 ,起來
 收 ,起來
 準備 ,起來
 痛 ,起來
 硬 ,起來
 硬 ,起來
 硬 ,起來
 硬 ,起來
 硬 ,起來
 硬 ,起來
 硬 ,起來
 硬 ,起來
 硬 ,起來
 堅強 ,起來
 硬 ,起來
 硬 ,起來
 硬 ,起來
 強硬 ,起來
 關 ,起來
 折 ,起來
 合 ,起來
 好 ,起來
 好 ,起來
 封存 ,起來
 包 ,起來
 上班 ,起來
 聊 ,起來
 切 ,起來
 切 ,起來
 抓 ,起來
 加 ,起來
 換 ,起來
 計較 ,起來
 小睡 ,起來
 揹 ,起來
 埋 ,起來
 紀錄 ,起來
 覺 ,起來
 煮 ,起來
 罩 ,起來
 關 ,起來
 想 ,起來
 記得 ,起來
 要 ,起來
 學 ,起來
 圈 ,起來
 大 ,起來
 硬 ,起來
 叫 ,起來
 搬 ,起來
 白 ,起來
 想 ,起來
 撈 ,起來
 收 ,起來
 關 ,起來
 囤 ,起來
 辛苦 ,起來
 收 ,起來
 剪 ,起來
 剪 ,起來
 歡 ,起來
 藏 ,起來
 學 ,起來
 好 ,起來
 拍 ,起來
 硬 ,起來
 包 ,起來
 好 ,起來
 好 ,起來
 好 ,起來
 好 ,起來
 好 ,起來
 好 ,起來
 好 ,起來
 好 ,起來
 好 ,起來
 好 ,起來
 好 ,起來
 叫 ,起來
 好 ,起來
 燒 ,起來
 抓 ,起來
 包 ,起來
 錄 ,起來
 錄 ,起來
 吸 ,起來
 收 ,起來
 硬 ,起來
 硬 ,起來
 想 ,起來
 抓 ,起來
 收錄 ,起來
 想要 ,起來
 收 ,起來
 收 ,起來
 收 ,起來
 收 ,起來
 收 ,起來
 吵 ,起來
 硬 ,起來
 想 ,起來
 帶 ,起來
 收 ,起來
 硬 ,起來
 硬 ,起來
 硬 ,起來
 凸 ,起來
 關 ,起來
 收 ,起來
 關 ,起來
 硬 ,起來
 硬 ,起來
 痛 ,起來
 要 ,起來
 癢 ,起來
 錄 ,起來
 徹查 ,起來
 浮 ,起來
 哭 ,起來
 比較 ,起來
 關 ,起來
 硬 ,起來
 學 ,起來
 學 ,起來
 包 ,起來
 硬 ,起來
 建立 ,起來
 洗 ,起來
 投 ,起來
 煮 ,起來
 冷凍 ,起來
 自動 ,起來
 想 ,起來
 抓 ,起來
 安撫 ,起來
 收 ,起來
 收 ,起來
 收 ,起來
 學 ,起來
 學 ,起來
 感覺 ,起來
 想 ,起來
 快樂 ,起來
 存 ,起來
 加 ,起來
 藏 ,起來
 收 ,起來
 嚴格 ,起來
 硬 ,起來
 發 ,起來
 戴 ,起來
 使用 ,起來
 硬 ,起來
 加 ,起來
 好 ,起來
 好 ,起來
 好 ,起來
 堅強 ,起來
 燒 ,起來
 燒 ,起來
 抄 ,起來
 多 ,起來
 加 ,起來
 圈 ,起來
 學 ,起來
 堅強 ,起來
 勇敢 ,起來
 貼 ,起來
 比較 ,起來
 扣 ,起來
 動 ,起來
 加 ,起來
 痛醒 ,起來
 回想 ,起來
 比較 ,起來
 使用 ,起來
 冰 ,起來
 坐 ,起來
 量 ,起來
 定時 ,起來
 組合 ,起來
 組合 ,起來
 組合 ,起來
 比較 ,起來
 錄 ,起來
 硬 ,起來
 收 ,起來
 收 ,起來
 了 ,起來
 加 ,起來
 收 ,起來
 關 ,起來
 關 ,起來
 硬 ,起來
 想 ,起來
 撈 ,起來
 撈 ,起來
 撈 ,起來
 擦 ,起來
 餵 ,起來
 喝 ,起來
 想 ,起來
 想 ,起來
 拍 ,起來
 快樂 ,起來
 關 ,起來
 哭 ,起來
 歡 ,起來
 量 ,起來
 緊張 ,起來
 看 ,起來
 拍 ,起來
 吵 ,起來
 帶 ,起來
 相較 ,起來
 相較 ,起來
 睡 ,起來
 沒 ,起來
 吸 ,起來
 加 ,起來
 加 ,起來
 加 ,起來
 收 ,起來
 收 ,起來
 折疊 ,起來
 收 ,起來
 收 ,起來
 關 ,起來
 硬 ,起來
 逛 ,起來
 累積 ,起來
 加 ,起來
 翻 ,起來
 翻 ,起來
 立 ,起來
 架 ,起來
 覺 ,起來
 收 ,起來
 折 ,起來
 學 ,起來
 包 ,起來
 堵 ,起來
 擋 ,起來
 擋 ,起來
 蓋 ,起來
 叫 ,起來
 加 ,起來
 坐 ,起來
 帶 ,起來
 比較 ,起來
 冷凍 ,起來
 訂 ,起來
 燒 ,起來
 忍不住 ,起來
 學 ,起來
 存 ,起來
 收 ,起來
 收 ,起來
 躺下 ,起來
 縮 ,起來
 凸 ,起來
 擲 ,起來
 燒 ,起來
 燒 ,起來
 翻 ,起來
 立 ,起來
 相處 ,起來
 換算 ,起來
 收 ,起來
 弄 ,起來
 好 ,起來
 叫 ,起來
 沒 ,起來
 要 ,起來
 翻 ,起來
 加 ,起來
 抱 ,起來
 練 ,起來
 午睡 ,起來
 抽 ,起來
 回想 ,起來
 包 ,起來
 遮 ,起來
 比較 ,起來
 想 ,起來
 燒 ,起來
 好 ,起來
 痛 ,起來
 痛 ,起來
 痛 ,起來
 痛 ,起來
 補 ,起來
 存 ,起來
 拍 ,起來
 溝通 ,起來
 貼片補 ,起來
 硬 ,起來
 存 ,起來
 存 ,起來
 關 ,起來
 關 ,起來
 圍 ,起來
 好 ,起來
 收 ,起來
 騎 ,起來
 抓 ,起來
 直接 ,起來
 硬 ,起來
 硬 ,起來
 晚 ,起來
 硬 ,起來
 睡 ,起來
 感覺 ,起來
 燒 ,起來
 燒 ,起來
 燒 ,起來
 午睡 ,起來
 沖 ,起來
 貼 ,起來
 午睡 ,起來
 睡 ,起來
 吵 ,起來
 學 ,起來
 囤 ,起來
 住 ,起來
 捏 ,起來
 抱 ,起來
 彈 ,起來
 請 ,起來
 叫 ,起來
 趕 ,起來
 吸 ,起來
 比較 ,起來
 包 ,起來
 包 ,起來
 包 ,起來
 關 ,起來
 燒 ,起來
 收 ,起來
 收 ,起來
 喝 ,起來
 累積 ,起來
 溜 ,起來
 加 ,起來
 拍 ,起來
 拍 ,起來
 動 ,起來
 封 ,起來
 供 ,起來
 比較 ,起來
 準備 ,起來
 大 ,起來
 吵 ,起來
 解釋 ,起來
 學 ,起來
 躺 ,起來
 回想 ,起來
 回想 ,起來
 騎 ,起來
 想 ,起來
 抓 ,起來
 咬 ,起來
 歡 ,起來
 收藏 ,起來
 拱 ,起來
 想 ,起來
 燒 ,起來
 燒 ,起來
 燒 ,起來
 收拾 ,起來
 振作 ,起來
 起床 ,起來
 收 ,起來
 收 ,起來
 收 ,起來
 關 ,起來
 上班 ,起來
 關 ,起來
 爬 ,起來
 收 ,起來
 動 ,起來
 相處 ,起來
 住 ,起來
 包 ,起來
 學 ,起來
 團結 ,起來
 陣痛 ,起來
 扣 ,起來
 感覺 ,起來
 看 ,起來
 團結 ,起來
 回想 ,起來
 拗 ,起來
 存 ,起來
 藏 ,起來
 讀 ,起來
 比較 ,起來
 燒 ,起來
 好 ,起來
 連結 ,起來
 關 ,起來
 關 ,起來
 擔 ,起來
 管 ,起來
 關 ,起來
 關 ,起來
 候 ,起來
 擦 ,起來
 皮貼 ,起來
 想 ,起來
 建立 ,起來
 追 ,起來
 弄 ,起來
 回想 ,起來
 立 ,起來
 收 ,起來
 收 ,起來
 收 ,起來
 好 ,起來
 處理 ,起來
 好 ,起來
 要 ,起來
 回想 ,起來
 大 ,起來
 相較 ,起來
 覺 ,起來
 嘗 ,起來
 折 ,起來
 遮 ,起來
 拱 ,起來
 執行 ,起來
 立 ,起來
 好 ,起來
 好 ,起來
 叫 ,起來
 練 ,起來
 喝 ,起來
 影印 ,起來
 修 ,起來
 好 ,起來
 叫 ,起來
 叫 ,起來
 叫 ,起來
 叫 ,起來
 挖 ,起來
 燒 ,起來
 叫 ,起來
 吸收 ,起來
 補 ,起來
 圍 ,起來
 藏 ,起來
 想 ,起來
 叫 ,起來
 痛痛 ,起來
 痛 ,起來
 追蹤 ,起來
 硬 ,起來
 收 ,起來
 痛 ,起來
 定時 ,起來
 加 ,起來
 掛 ,起來
 套 ,起來
 加 ,起來
 燒 ,起來
 相較 ,起來
 喝 ,起來
 換算 ,起來
 泡 ,起來
 凍 ,起來
 學 ,起來
 鎖 ,起來
 收 ,起來
 圍 ,起來
 加 ,起來
 抓 ,起來
 收 ,起來
 加 ,起來
 收集 ,起來
 歡顛 ,起來
 帶 ,起來
 帶 ,起來
 收 ,起來
 忙 ,起來
 比較 ,起來
 大 ,起來
 遮 ,起來
 顧 ,起來
 忙 ,起來
 叫 ,起來
 叫 ,起來
 留 ,起來
 揹 ,起來
 收 ,起來
 捲 ,起來
 肯 ,起來
 癢 ,起來
 拍 ,起來
 拍 ,起來
 大 ,起來
 硬 ,起來
 睡 ,起來
 硬 ,起來
 收 ,起來
 收 ,起來
 收 ,起來
 練 ,起來
 想 ,起來
 回想 ,起來
 得 ,起來
 要 ,起來
 抓 ,起來
 關 ,起來
 躲 ,起來
 冷凍 ,起來
 安裝 ,起來
 收 ,起來
 收 ,起來
 沒 ,起來
 彈 ,起來
 圈 ,起來
 收 ,起來
 拆 ,起來
 翻 ,起來
 翻 ,起來
 抓 ,起來
 早 ,起來
 拍 ,起來
 抓 ,起來
 捲看 ,起來
 照 ,起來
 收 ,起來
 存 ,起來
 收 ,起來
 收 ,起來
 收 ,起來
 收 ,起來
 收 ,起來
 收 ,起來
 收 ,起來
 收 ,起來
 量 ,起來
 忙 ,起來
 凸 ,起來
 沒收 ,起來
 立 ,起來
 解開 ,起來
 照顧 ,起來
 造 ,起來
 造 ,起來
 使用 ,起來
 叫 ,起來
 睡 ,起來
 弓 ,起來
 忙 ,起來
 吵 ,起來
 鎖 ,起來
 沒 ,起來
 叫 ,起來
 忙 ,起來
 想 ,起來
 收 ,起來
 需要 ,起來
 要 ,起來
 處理 ,起來
 加 ,起來
 養 ,起來
 照 ,起來
 頻繁 ,起來
 收 ,起來
 摸 ,起來
 抽 ,起來
 彎 ,起來
 哭 ,起來
 喝 ,起來
 喝 ,起來
 比較 ,起來
 歡 ,起來
 擔 ,起來
 囤 ,起來
 刮 ,起來
 硬 ,起來
 合 ,起來
 照護 ,起來
 照護 ,起來
 模仿 ,起來
 喝 ,起來
 痛 ,起來
 想 ,起來
 照 ,起來
 處理 ,起來
 學 ,起來
 學 ,起來
 執行 ,起來
 收 ,起來
 帶 ,起來
 扣 ,起來
 痛 ,起來
 痛 ,起來
 關 ,起來
 想 ,起來
 處理 ,起來
 喘 ,起來
 感覺 ,起來
 使用 ,起來
 吸 ,起來
 防護 ,起來
 就學 ,起來
 包 ,起來
 揹 ,起來
 揹 ,起來
 好 ,起來
 使用 ,起來
 摺 ,起來
 料理 ,起來
 捏 ,起來
 想 ,起來
 特價 ,起來
 哭 ,起來
 穿搭 ,起來
 封 ,起來
 生活 ,起來
 洗 ,起來
 洗 ,起來
 討論 ,起來
 抓 ,起來
 凍 ,起來
 冰 ,起來
 帶 ,起來
 配合 ,起來
 配合 ,起來
 學 ,起來
 加 ,起來
 配合 ,起來
 好 ,起來
 哭 ,起來
 相處 ,起來
 擦 ,起來
 擦 ,起來
 收 ,起來
 大 ,起來
 收 ,起來
 處理 ,起來
 抓 ,起來
 藏 ,起來
 長 ,起來
 關 ,起來
 哭鬧 ,起來
 要 ,起來
 翻 ,起來
 常 ,起來
 燃燒 ,起來
 組裝 ,起來
 花費 ,起來
 包 ,起來
 擠 ,起來
 燒 ,起來
 痛 ,起來
 餵 ,起來
 吸 ,起來
 勇 ,起來
 量 ,起來
 燒 ,起來
 量 ,起來
 建立 ,起來
 忙 ,起來
 忙 ,起來
 忙 ,起來
 回想 ,起來
 舒服 ,起來
 玩耍 ,起來
 收 ,起來
 收 ,起來
 收 ,起來
 關 ,起來
 收 ,起來
 沒 ,起來
 崩潰 ,起來
 沒 ,起來
 沒 ,起來
 加 ,起來
 特別 ,起來
 要 ,起來
 加 ,起來
 加 ,起來
 關 ,起來
 得 ,起來
 關 ,起來
 有 ,起來
 圍 ,起來
 收 ,起來
 錄 ,起來
 錄 ,起來
 縮 ,起來
 燒 ,起來
 叫 ,起來
 拍 ,起來
 學 ,起來
 拎 ,起來
 晚 ,起來
 照顧 ,起來
 餓 ,起來
 想 ,起來
 拍照 ,起來
 硬 ,起來
 硬 ,起來
 想 ,起來
 歡 ,起來
 痛 ,起來
 搭配 ,起來
 想 ,起來
 收 ,起來
 好 ,起來
 搭配 ,起來
 收 ,起來
 遮 ,起來
 折 ,起來
 叫 ,起來
 持續 ,起來
 燒 ,起來
 叫 ,起來
 定時 ,起來
 硬 ,起來
 硬 ,起來
 硬 ,起來
 硬 ,起來
 硬 ,起來
 燒 ,起來
 哭 ,起來
 硬 ,起來
 加 ,起來
 叫 ,起來
 喘 ,起來
 喘 ,起來
 比較 ,起來
 埋 ,起來
 喘 ,起來
 住 ,起來
 要 ,起來
 躺 ,起來
 練 ,起來
 包 ,起來
 硬 ,起來
 硬 ,起來
 關 ,起來
 強勢 ,起來
 硬 ,起來
 硬 ,起來
 多 ,起來
 叫 ,起來
 叫 ,起來
 要 ,起來
 舀 ,起來
 封 ,起來
 叫 ,起來
 加 ,起來
 想 ,起來
 收 ,起來
 快樂 ,起來
 收 ,起來
 推 ,起來
 關 ,起來
 洗 ,起來
 蒐集 ,起來
 想 ,起來
 收 ,起來
 想 ,起來
 哭 ,起來
 印 ,起來
 加 ,起來
 圍 ,起來
 關 ,起來
 住 ,起來
 要 ,起來
 要 ,起來
 關 ,起來
 關 ,起來
 冰 ,起來
 合 ,起來
 逛 ,起來
 逛 ,起來
 勾 ,起來
 收 ,起來
 收 ,起來
 燒 ,起來
 揹 ,起來
 小睡 ,起來
 揹 ,起來
 收 ,起來
 收 ,起來
 午睡 ,起來
 收 ,起來
 套 ,起來
 收 ,起來
 發作 ,起來
 發作 ,起來
 收折 ,起來
 收折 ,起來
 收折 ,起來
 加 ,起來
 睡 ,起來
 快樂 ,起來
 快樂 ,起來
 想像 ,起來
 點 ,起來
 回憶 ,起來
 學 ,起來
 好 ,起來
 包 ,起來
 彈 ,起來
 好 ,起來
 估 ,起來
 睡 ,起來
 回想 ,起來
 收 ,起來
 收 ,起來
 忙 ,起來
 好 ,起來
 好 ,起來
 好 ,起來
 相對 ,起來
 舒服 ,起來
 大 ,起來
 開朗 ,起來
 吸 ,起來
 收 ,起來
 固定 ,起來
 比較 ,起來
 咬 ,起來
 穩定 ,起來
 控管 ,起來
 跨 ,起來
 大 ,起來
 住 ,起來
 拍 ,起來
 硬 ,起來
 聊 ,起來
 喘 ,起來
 長 ,起來
 相較 ,起來
 開心 ,起來
 練 ,起來
 沾黏 ,起來
 黏 ,起來
 好 ,起來
 好 ,起來
 好 ,起來
 好 ,起來
 好 ,起來
 好 ,起來
 好 ,起來
 好 ,起來
 好 ,起來
 好 ,起來
 好 ,起來
 好 ,起來
 好 ,起來
 好 ,起來
 好 ,起來
 好 ,起來
 好 ,起來
 好 ,起來
 好 ,起來
 好 ,起來
 好 ,起來
 好 ,起來
 好 ,起來
 好 ,起來
 好 ,起來
 好 ,起來
 好 ,起來
 好 ,起來
 好 ,起來
 好 ,起來
 好 ,起來
 好 ,起來
 好 ,起來
 好 ,起來
 好 ,起來
 好 ,起來
 好 ,起來
 好 ,起來
 好 ,起來
 好 ,起來
 好 ,起來
 好 ,起來
 好 ,起來
 好轉 ,起來
 好 ,起來
 好 ,起來
 好 ,起來
 要好 ,起來
 好 ,起來
 好 ,起來
 要好 ,起來
 好 ,起來
 好 ,起來
 好 ,起來
 好 ,起來
 好 ,起來
 好轉 ,起來
 好 ,起來
 好 ,起來
 好 ,起來
 要好 ,起來
 好 ,起來
 好 ,起來
 好 ,起來
 好 ,起來
 好 ,起來
 好 ,起來
 好 ,起來
 好 ,起來
 好 ,起來
 快快 ,起來
 好 ,起來
 好 ,起來
 要好 ,起來
 好 ,起來
 好 ,起來
 好 ,起來
 好 ,起來
 好 ,起來
 要好 ,起來
 好 ,起來
 好 ,起來
 好 ,起來
 好 ,起來
 好 ,起來
 好 ,起來
 好 ,起來
 好 ,起來
 好 ,起來
 好 ,起來
 要好 ,起來
 好 ,起來
 好 ,起來
 好 ,起來
 好 ,起來
 好 ,起來
 好 ,起來
 好 ,起來
 好 ,起來
 好 ,起來
 好 ,起來
 好 ,起來
 好 ,起來
 好 ,起來
 好 ,起來
 好 ,起來
 好 ,起來
 好 ,起來
 好 ,起來
 好 ,起來
 要好 ,起來
 好 ,起來
 好 ,起來
 好 ,起來
 好 ,起來
 好 ,起來
 好 ,起來
 好 ,起來
 好 ,起來
 好 ,起來
 好 ,起來
 好 ,起來
 好 ,起來
 好 ,起來
 好 ,起來
 貼 ,起來
 貼 ,起來
 準備 ,起來
 標註 ,起來
 摺 ,起來
 堅強 ,起來
 好 ,起來
 收 ,起來
 要 ,起來
 收 ,起來
 冰 ,起來
 洗 ,起來
 包 ,起來
 掃 ,起來
 動 ,起來
 換 ,起來
 收 ,起來
 回想 ,起來
 硬 ,起來
 想 ,起來
 收 ,起來
 收 ,起來
 收 ,起來
 沒收 ,起來
 收 ,起來
 受不了 ,起來
 頭 ,起來
 包 ,起來
 扣 ,起來
 大 ,起來
 塞 ,起來
 加 ,起來
 快 ,起來
 學 ,起來
 比較 ,起來
 叫 ,起來
 補 ,起來
 貼 ,起來
 貼 ,起來
 收 ,起來
 收 ,起來
 痛 ,起來
 好 ,起來
 好 ,起來
 好 ,起來
 好 ,起來
 鬧 ,起來
 收 ,起來
 集結 ,起來
 回想 ,起來
 住 ,起來
 住 ,起來
 住 ,起來
 收 ,起來
 計算 ,起來
 關 ,起來
 教養 ,起來
 學 ,起來
 加 ,起來
 喝 ,起來
 喝 ,起來
 喝 ,起來
 包 ,起來
 包 ,起來
 包 ,起來
 包 ,起來
 照顧 ,起來
 簽名 ,起來
 管教 ,起來
 學 ,起來
 硬 ,起來
 硬 ,起來
 藏 ,起來
 硬 ,起來
 收 ,起來
 收 ,起來
 記 ,起來
 冰 ,起來
 住 ,起來
 比較 ,起來
 相比 ,起來
 收 ,起來
 收 ,起來
 收 ,起來
 吐 ,起來
 縮 ,起來
 建議 ,起來
 想 ,起來
 回想 ,起來
 凍 ,起來
 收 ,起來
 收 ,起來
 集合 ,起來
 想 ,起來
 收 ,起來
 收 ,起來
 測量 ,起來
 叫 ,起來
 抓 ,起來
 好 ,起來
 貼 ,起來
 包 ,起來
 餓 ,起來
 洗 ,起來
 硬 ,起來
 換 ,起來
 喝 ,起來
 喝 ,起來
 算 ,起來
 驗傷 ,起來
 抓 ,起來
 想 ,起來
 洗 ,起來
 搓 ,起來
 曬 ,起來
 收 ,起來
 洗 ,起來
 記 ,起來
 隱瞞 ,起來
 壓 ,起來
 合 ,起來
 準備 ,起來
 收 ,起來
 收 ,起來
 叫 ,起來
 叫 ,起來
 撈 ,起來
 罩 ,起來
 罩 ,起來
 加 ,起來
 加 ,起來
 回想 ,起來
 回想 ,起來
 回想 ,起來
 收 ,起來
 折 ,起來
 睡 ,起來
 燒 ,起來
 活化 ,起來
 活化 ,起來
 就學 ,起來
 要 ,起來
 培養 ,起來
 硬 ,起來
 歡 ,起來
 加 ,起來
 癢 ,起來
 收 ,起來
 學 ,起來
 包 ,起來
 包 ,起來
 搜集 ,起來
 動員 ,起來
 硬 ,起來
 抄 ,起來
 收 ,起來
 振作 ,起來
 堅強 ,起來
 好 ,起來
 補 ,起來
 補 ,起來
 補 ,起來
 睡 ,起來
 拍 ,起來
 回想 ,起來
 主動 ,起來
 歡 ,起來
 歡 ,起來
 歡 ,起來
 哭 ,起來
 乖乖 ,起來
 包 ,起來
 拗 ,起來
 歡 ,起來
 回想 ,起來
 收 ,起來
 學 ,起來
 關 ,起來
 想 ,起來
 午睡 ,起來
 抓 ,起來
 遮 ,起來
 燒 ,起來
 燒 ,起來
 哭 ,起來
 記 ,起來
 想 ,起來
 藏 ,起來
 想 ,起來
 抓 ,起來
 建立 ,起來
 撿 ,起來
 忙 ,起來
 午睡 ,起來
 浮 ,起來
 叫 ,起來
 照 ,起來
 包 ,起來
 要 ,起來
 冷凍 ,起來
 搖 ,起來
 比較 ,起來
 發 ,起來
 累 ,起來
 收 ,起來
 吸 ,起來
 抓 ,起來
 加 ,起來
 相對 ,起來
 看 ,起來
 痛 ,起來
 痛 ,起來
 忙 ,起來
 加 ,起來
 硬 ,起來
 拍照 ,起來
 加 ,起來
 要 ,起來
 使用 ,起來
 收 ,起來
 收 ,起來
 佈置 ,起來
 收 ,起來
 遮 ,起來
 加 ,起來
 包 ,起來
 好 ,起來
 好 ,起來
 癢 ,起來
 想像 ,起來
 午睡 ,起來
 浮 ,起來
 撈 ,起來
 留 ,起來
 想 ,起來
 存 ,起來
 扣 ,起來
 吵 ,起來
 收 ,起來
 收 ,起來
 收折 ,起來
 比對 ,起來
 換 ,起來
 補 ,起來
 痛痛 ,起來
 補 ,起來
 補 ,起來
 補 ,起來
 振作 ,起來
 叫 ,起來
 黏 ,起來
 戰 ,起來
 鎖 ,起來
 學 ,起來
 統治 ,起來
 餓 ,起來
 餓 ,起來
 累積 ,起來
 好 ,起來
 堅強 ,起來
 存 ,起來
 叫 ,起來
 吃 ,起來
 叫 ,起來
 叫 ,起來
 導航 ,起來
 收 ,起來
 回想 ,起來
 哭 ,起來
 收合 ,起來
 收 ,起來
 收 ,起來
 收 ,起來
 收 ,起來
 收 ,起來
 收 ,起來
 收 ,起來
 有 ,起來
 洗 ,起來
 折疊 ,起來
 喝 ,起來
 外向 ,起來
 收 ,起來
 喝 ,起來
 喝 ,起來
 揹 ,起來
 找 ,起來
 關 ,起來
 鎖 ,起來
 省 ,起來
 想 ,起來
 住 ,起來
 住 ,起來
 想 ,起來
 拆 ,起來
 歡 ,起來
 燒 ,起來
 燒 ,起來
 使用 ,起來
 立 ,起來
 合 ,起來
 想 ,起來
 合 ,起來
 想 ,起來
 收 ,起來
 發 ,起來
 好 ,起來
 發 ,起來
 發展 ,起來
 包 ,起來
 拍 ,起來
 發 ,起來
 彎 ,起來
 躺 ,起來
 覺 ,起來
 戒斷 ,起來
 準時 ,起來
 要 ,起來
 圍 ,起來
 照 ,起來
 哭 ,起來
 好 ,起來
 黏 ,起來
 使用 ,起來
 收 ,起來
 攝取 ,起來
 哭 ,起來
 照顧 ,起來
 想 ,起來
 叫 ,起來
 收 ,起來
 使用 ,起來
 加 ,起來
 想 ,起來
 拆 ,起來
 解釋 ,起來
 收 ,起來
 收 ,起來
 使用 ,起來
 對照 ,起來
 拍 ,起來
 拍 ,起來
 收 ,起來
 處補 ,起來
 收 ,起來
 收 ,起來
 這樣 ,起來
 貼 ,起來
 翻 ,起來
 貼 ,起來
 收 ,起來
 收 ,起來
 冷凍 ,起來
 包 ,起來
 比較 ,起來
 午睡 ,起來
 揹 ,起來
 包 ,起來
 包 ,起來
 包 ,起來
 包 ,起來
 收 ,起來
 收 ,起來
 收 ,起來
 查 ,起來
 使用 ,起來
 抓 ,起來
 闔 ,起來
 住 ,起來
 包 ,起來
 抓 ,起來
 抓 ,起來
 叫 ,起來
 叫 ,起來
 洗 ,起來
 收 ,起來
 回想 ,起來
 好 ,起來
 要好 ,起來
 堅強 ,起來
 沒 ,起來
 抓 ,起來
 收 ,起來
 收 ,起來
 關 ,起來
 折 ,起來
 得 ,起來
 收折 ,起來
 收 ,起來
 收 ,起來
 喘 ,起來
 坐 ,起來
 累積 ,起來
 加 ,起來
 縮 ,起來
 冰 ,起來
 泡 ,起來
 喝 ,起來
 浮 ,起來
 縮 ,起來
 縮 ,起來
 包 ,起來
 黏 ,起來
 喘 ,起來
 補 ,起來
 收 ,起來
 收 ,起來
 好 ,起來
 加 ,起來
 冷凍 ,起來
 想 ,起來
 好 ,起來
 好 ,起來
 加 ,起來
 想 ,起來
 帶 ,起來
 痛 ,起來
 陣痛 ,起來
 包 ,起來
 回想 ,起來
 戰 ,起來
 痛痛 ,起來
 硬 ,起來
 硬 ,起來
 包 ,起來
 硬 ,起來
 吸 ,起來
 想 ,起來
 收 ,起來
 搭配 ,起來
 比較 ,起來
 補 ,起來
 喝 ,起來
 儲藏 ,起來
 想 ,起來
 關 ,起來
 住 ,起來
 泡 ,起來
 任性 ,起來
 要 ,起來
 要 ,起來
 要 ,起來
 晚 ,起來
 睡覺 ,起來
 累積 ,起來
 拍 ,起來
 關 ,起來
 想 ,起來
 包 ,起來
 收集 ,起來
 好 ,起來
 好 ,起來
 叫 ,起來
 發燒 ,起來
 建立 ,起來
 收 ,起來
 收 ,起來
 躺 ,起來
 收 ,起來
 收 ,起來
 立 ,起來
 顧 ,起來
 加 ,起來
 犯 ,起來
 組裝 ,起來
 收 ,起來
 收 ,起來
 擦 ,起來
 喝 ,起來
 喝 ,起來
 喝 ,起來
 喝 ,起來
 喊 ,起來
 補 ,起來
 藏 ,起來
 喝 ,起來
 泡 ,起來
 裹 ,起來
 嘗 ,起來
 拍 ,起來
 拍 ,起來
 收 ,起來
 收 ,起來
 扣 ,起來
 綜合 ,起來
 記 ,起來
 省 ,起來
 揹 ,起來
 揹 ,起來
 叫 ,起來
 整理 ,起來
 收 ,起來
 洗 ,起來
 抓 ,起來
 拆 ,起來
 拆 ,起來
 套 ,起來
 加 ,起來
 健康 ,起來
 想 ,起來
 冷凍 ,起來
 回想 ,起來
 抓 ,起來
 留 ,起來
 洗 ,起來
 睡 ,起來
 留 ,起來
 罩 ,起來
 收 ,起來
 收 ,起來
 抖 ,起來
 關 ,起來
 收 ,起來
 關 ,起來
 走路 ,起來
 要 ,起來
 比較 ,起來
 放心 ,起來
 加 ,起來
 收 ,起來
 收 ,起來
 收 ,起來
 要 ,起來
 喝 ,起來
 有 ,起來
 肯 ,起來
 好 ,起來
 想 ,起來
 照 ,起來
 關 ,起來
 擋 ,起來
 想 ,起來
 拆 ,起來
 拆 ,起來
 好 ,起來
 作 ,起來
 捏 ,起來
 照顧 ,起來
 傳 ,起來
 帶 ,起來
 叫 ,起來
 叫 ,起來
 叫 ,起來
 叫 ,起來
 叫 ,起來
 硬 ,起來
 硬 ,起來
 堅強 ,起來
 硬 ,起來
 硬 ,起來
 快樂 ,起來
 包 ,起來
 包 ,起來
 收 ,起來
 圍 ,起來
 硬 ,起來
 拍 ,起來
 拍 ,起來
 拍 ,起來
 哭 ,起來
 密封 ,起來
 套 ,起來
 收 ,起來
 收 ,起來
 帶 ,起來
 剪 ,起來
 躺 ,起來
 躺 ,起來
 安裝 ,起來
 熱 ,起來
 沒辦法 ,起來
 投降 ,起來
 彈 ,起來
 包 ,起來
 使用 ,起來
 搭配 ,起來
 痛 ,起來
 痛 ,起來
 衝動 ,起來
 發病 ,起來
 回顧 ,起來
 調 ,起來
 吵 ,起來
 泡 ,起來
 圍 ,起來
 興奮 ,起來
 看 ,起來
 瘋 ,起來
 抓 ,起來
 趕 ,起來
 收 ,起來
 勾 ,起來
 包 ,起來
 練 ,起來
 練 ,起來
 硬 ,起來
 立 ,起來
 準備 ,起來
 吵架 ,起來
 帶 ,起來
 貼心 ,起來
 收 ,起來
 組合 ,起來
 加 ,起來
 包 ,起來
 歡 ,起來
 忙 ,起來
 使用 ,起來
 圍 ,起來
 立 ,起來
 加 ,起來
 好 ,起來
 貼 ,起來
 包 ,起來
 歡 ,起來
 撕 ,起來
 拱 ,起來
 睡 ,起來
 要 ,起來
 洗 ,起來
 吵 ,起來
 吵 ,起來
 組合 ,起來
 睡 ,起來
 洗澡 ,起來
 包 ,起來
 醒 ,起來
 動 ,起來
 住 ,起來
 堆疊 ,起來
 圍 ,起來
 喝 ,起來
 睡 ,起來
 想 ,起來
 喝 ,起來
 怪 ,起來
 多愁善感 ,起來
 感傷 ,起來
 感傷 ,起來
 感傷 ,起來
 收拾 ,起來
 要 ,起來
 發紅 ,起來
 包 ,起來
 拍 ,起來
 包 ,起來
 收 ,起來
 藏 ,起來
 藏 ,起來
 憤怒 ,起來
 立 ,起來
 折 ,起來
 摺 ,起來
 收 ,起來
 比較 ,起來
 圍 ,起來
 存 ,起來
 回想 ,起來
 收 ,起來
 縮 ,起來
 硬 ,起來
 想 ,起來
 坐 ,起來
 吹 ,起來
 好 ,起來
 架 ,起來
 收 ,起來
 抓 ,起來
 抓 ,起來
 拿 ,起來
 藏 ,起來
 痛 ,起來
 痛 ,起來
 咬 ,起來
 製作 ,起來
 高貴 ,起來
 微醺 ,起來
 叫 ,起來
 照顧 ,起來
 擦 ,起來
 鎖 ,起來
 有 ,起來
 顧 ,起來
 歡 ,起來
 沒 ,起來
 收 ,起來
 要 ,起來
 想 ,起來
 收 ,起來
 折 ,起來
 收 ,起來
 加 ,起來
 學 ,起來
 學 ,起來
 筆記 ,起來
 要 ,起來
 藏 ,起來
 遮 ,起來
 收 ,起來
 摺 ,起來
 堆疊 ,起來
 哭 ,起來
 撈 ,起來
 收 ,起來
 藏 ,起來
 狠 ,起來
 拍 ,起來
 養 ,起來
 摸 ,起來
 打掃 ,起來
 照顧 ,起來
 回想 ,起來
 鬧 ,起來
 吵 ,起來
 合 ,起來
 應對 ,起來
 叫 ,起來
 收 ,起來
 躁動 ,起來
 吸 ,起來
 吸 ,起來
 收 ,起來
 關 ,起來
 忙 ,起來
 關 ,起來
 圍 ,起來
 照 ,起來
 發作 ,起來
 照顧 ,起來
 照顧 ,起來
 騎 ,起來
 想 ,起來
 圍 ,起來
 圍 ,起來
 收 ,起來
 小睡 ,起來
 要 ,起來
 敏感 ,起來
 強壯 ,起來
 照顧 ,起來
 抓 ,起來
 振作 ,起來
 好 ,起來
 回想 ,起來
 回想 ,起來
 提前 ,起來
 搞 ,起來
 收 ,起來
 回想 ,起來
 叫 ,起來
 收 ,起來
 生病 ,起來
 硬 ,起來
 想 ,起來
 立 ,起來
 折 ,起來
 打掃 ,起來
 鋪 ,起來
 鋪 ,起來
 比較 ,起來